"module name","license","repository"
"@acuminous/bitsyntax@0.1.2","MIT","https://github.com/acuminous/bitsyntax-js"
"@ampproject/remapping@2.2.0","Apache-2.0","https://github.com/ampproject/remapping"
"@angular-devkit/core@15.0.4","MIT","https://github.com/angular/angular-cli"
"@angular-devkit/core@15.2.4","MIT","https://github.com/angular/angular-cli"
"@angular-devkit/schematics-cli@15.2.4","MIT","https://github.com/angular/angular-cli"
"@angular-devkit/schematics@15.0.4","MIT","https://github.com/angular/angular-cli"
"@angular-devkit/schematics@15.2.4","MIT","https://github.com/angular/angular-cli"
"@babel/code-frame@7.18.6","MIT","https://github.com/babel/babel"
"@babel/compat-data@7.21.0","MIT","https://github.com/babel/babel"
"@babel/core@7.21.3","MIT","https://github.com/babel/babel"
"@babel/generator@7.21.3","MIT","https://github.com/babel/babel"
"@babel/helper-compilation-targets@7.20.7","MIT","https://github.com/babel/babel"
"@babel/helper-define-polyfill-provider@0.3.3","MIT","https://github.com/babel/babel-polyfills"
"@babel/helper-environment-visitor@7.18.9","MIT","https://github.com/babel/babel"
"@babel/helper-function-name@7.21.0","MIT","https://github.com/babel/babel"
"@babel/helper-hoist-variables@7.18.6","MIT","https://github.com/babel/babel"
"@babel/helper-module-imports@7.21.4","MIT","https://github.com/babel/babel"
"@babel/helper-module-transforms@7.21.2","MIT","https://github.com/babel/babel"
"@babel/helper-plugin-utils@7.20.2","MIT","https://github.com/babel/babel"
"@babel/helper-simple-access@7.20.2","MIT","https://github.com/babel/babel"
"@babel/helper-split-export-declaration@7.18.6","MIT","https://github.com/babel/babel"
"@babel/helper-string-parser@7.19.4","MIT","https://github.com/babel/babel"
"@babel/helper-validator-identifier@7.19.1","MIT","https://github.com/babel/babel"
"@babel/helper-validator-option@7.21.0","MIT","https://github.com/babel/babel"
"@babel/helpers@7.21.0","MIT","https://github.com/babel/babel"
"@babel/highlight@7.18.6","MIT","https://github.com/babel/babel"
"@babel/parser@7.21.3","MIT","https://github.com/babel/babel"
"@babel/plugin-syntax-async-generators@7.8.4","MIT","https://github.com/babel/babel/tree/master/packages/babel-plugin-syntax-async-generators"
"@babel/plugin-syntax-bigint@7.8.3","MIT","https://github.com/babel/babel/tree/master/packages/babel-plugin-syntax-bigint"
"@babel/plugin-syntax-class-properties@7.12.13","MIT","https://github.com/babel/babel"
"@babel/plugin-syntax-import-meta@7.10.4","MIT","https://github.com/babel/babel"
"@babel/plugin-syntax-json-strings@7.8.3","MIT","https://github.com/babel/babel/tree/master/packages/babel-plugin-syntax-json-strings"
"@babel/plugin-syntax-jsx@7.18.6","MIT","https://github.com/babel/babel"
"@babel/plugin-syntax-logical-assignment-operators@7.10.4","MIT","https://github.com/babel/babel"
"@babel/plugin-syntax-nullish-coalescing-operator@7.8.3","MIT","https://github.com/babel/babel/tree/master/packages/babel-plugin-syntax-nullish-coalescing-operator"
"@babel/plugin-syntax-numeric-separator@7.10.4","MIT","https://github.com/babel/babel"
"@babel/plugin-syntax-object-rest-spread@7.8.3","MIT","https://github.com/babel/babel/tree/master/packages/babel-plugin-syntax-object-rest-spread"
"@babel/plugin-syntax-optional-catch-binding@7.8.3","MIT","https://github.com/babel/babel/tree/master/packages/babel-plugin-syntax-optional-catch-binding"
"@babel/plugin-syntax-optional-chaining@7.8.3","MIT","https://github.com/babel/babel/tree/master/packages/babel-plugin-syntax-optional-chaining"
"@babel/plugin-syntax-top-level-await@7.14.5","MIT","https://github.com/babel/babel"
"@babel/plugin-syntax-typescript@7.20.0","MIT","https://github.com/babel/babel"
"@babel/plugin-transform-runtime@7.21.4","MIT","https://github.com/babel/babel"
"@babel/runtime@7.21.0","MIT","https://github.com/babel/babel"
"@babel/template@7.20.7","MIT","https://github.com/babel/babel"
"@babel/traverse@7.21.3","MIT","https://github.com/babel/babel"
"@babel/types@7.21.4","MIT","https://github.com/babel/babel"
"@bcoe/v8-coverage@0.2.3","MIT","https://github.com/demurgos/v8-coverage"
"@colors/colors@1.5.0","MIT","https://github.com/DABH/colors.js"
"@cspotcode/source-map-support@0.8.1","MIT","https://github.com/cspotcode/node-source-map-support"
"@depay/solana-web3.js@1.21.2","MIT","https://github.com/DePayFi/solana-web3.js"
"@depay/web3-blockchains@7.2.0","MIT","https://github.com/DePayFi/web3-blockchains"
"@depay/web3-mock@14.1.0","MIT","https://github.com/DePayFi/web3-mock"
"@eslint-community/eslint-utils@4.4.0","MIT","https://github.com/eslint-community/eslint-utils"
"@eslint-community/regexpp@4.5.0","MIT","https://github.com/eslint-community/regexpp"
"@eslint/eslintrc@2.0.2","MIT","https://github.com/eslint/eslintrc"
"@eslint/js@8.37.0","MIT","https://github.com/eslint/eslint"
"@ethereumjs/common@2.5.0","MIT","https://github.com/ethereumjs/ethereumjs-monorepo"
"@ethereumjs/tx@3.3.2","MPL-2.0","https://github.com/ethereumjs/ethereumjs-monorepo"
"@ethersproject/abi@5.7.0","MIT","https://github.com/ethers-io/ethers.js"
"@ethersproject/abstract-provider@5.7.0","MIT","https://github.com/ethers-io/ethers.js"
"@ethersproject/abstract-signer@5.7.0","MIT","https://github.com/ethers-io/ethers.js"
"@ethersproject/address@5.7.0","MIT","https://github.com/ethers-io/ethers.js"
"@ethersproject/base64@5.7.0","MIT","https://github.com/ethers-io/ethers.js"
"@ethersproject/basex@5.7.0","MIT","https://github.com/ethers-io/ethers.js"
"@ethersproject/bignumber@5.7.0","MIT","https://github.com/ethers-io/ethers.js"
"@ethersproject/bytes@5.7.0","MIT","https://github.com/ethers-io/ethers.js"
"@ethersproject/constants@5.7.0","MIT","https://github.com/ethers-io/ethers.js"
"@ethersproject/contracts@5.7.0","MIT","https://github.com/ethers-io/ethers.js"
"@ethersproject/hash@5.7.0","MIT","https://github.com/ethers-io/ethers.js"
"@ethersproject/hdnode@5.7.0","MIT","https://github.com/ethers-io/ethers.js"
"@ethersproject/json-wallets@5.7.0","MIT","https://github.com/ethers-io/ethers.js"
"@ethersproject/keccak256@5.7.0","MIT","https://github.com/ethers-io/ethers.js"
"@ethersproject/logger@5.7.0","MIT","https://github.com/ethers-io/ethers.js"
"@ethersproject/networks@5.7.1","MIT","https://github.com/ethers-io/ethers.js"
"@ethersproject/pbkdf2@5.7.0","MIT","https://github.com/ethers-io/ethers.js"
"@ethersproject/properties@5.7.0","MIT","https://github.com/ethers-io/ethers.js"
"@ethersproject/providers@5.7.2","MIT","https://github.com/ethers-io/ethers.js"
"@ethersproject/random@5.7.0","MIT","https://github.com/ethers-io/ethers.js"
"@ethersproject/rlp@5.7.0","MIT","https://github.com/ethers-io/ethers.js"
"@ethersproject/sha2@5.7.0","MIT","https://github.com/ethers-io/ethers.js"
"@ethersproject/signing-key@5.7.0","MIT","https://github.com/ethers-io/ethers.js"
"@ethersproject/solidity@5.7.0","MIT","https://github.com/ethers-io/ethers.js"
"@ethersproject/strings@5.7.0","MIT","https://github.com/ethers-io/ethers.js"
"@ethersproject/transactions@5.7.0","MIT","https://github.com/ethers-io/ethers.js"
"@ethersproject/units@5.7.0","MIT","https://github.com/ethers-io/ethers.js"
"@ethersproject/wallet@5.7.0","MIT","https://github.com/ethers-io/ethers.js"
"@ethersproject/web@5.7.1","MIT","https://github.com/ethers-io/ethers.js"
"@ethersproject/wordlists@5.7.0","MIT","https://github.com/ethers-io/ethers.js"
"@humanwhocodes/config-array@0.11.8","Apache-2.0","https://github.com/humanwhocodes/config-array"
"@humanwhocodes/module-importer@1.0.1","Apache-2.0","https://github.com/humanwhocodes/module-importer"
"@humanwhocodes/object-schema@1.2.1","BSD-3-Clause","https://github.com/humanwhocodes/object-schema"
"@istanbuljs/load-nyc-config@1.1.0","ISC","https://github.com/istanbuljs/load-nyc-config"
"@istanbuljs/schema@0.1.3","MIT","https://github.com/istanbuljs/schema"
"@jest/console@29.5.0","MIT","https://github.com/facebook/jest"
"@jest/core@29.5.0","MIT","https://github.com/facebook/jest"
"@jest/environment@29.5.0","MIT","https://github.com/facebook/jest"
"@jest/expect-utils@29.5.0","MIT","https://github.com/facebook/jest"
"@jest/expect@29.5.0","MIT","https://github.com/facebook/jest"
"@jest/fake-timers@29.5.0","MIT","https://github.com/facebook/jest"
"@jest/globals@29.5.0","MIT","https://github.com/facebook/jest"
"@jest/reporters@29.5.0","MIT","https://github.com/facebook/jest"
"@jest/schemas@29.4.3","MIT","https://github.com/facebook/jest"
"@jest/source-map@29.4.3","MIT","https://github.com/facebook/jest"
"@jest/test-result@29.5.0","MIT","https://github.com/facebook/jest"
"@jest/test-sequencer@29.5.0","MIT","https://github.com/facebook/jest"
"@jest/transform@29.5.0","MIT","https://github.com/facebook/jest"
"@jest/types@29.5.0","MIT","https://github.com/facebook/jest"
"@jridgewell/gen-mapping@0.1.1","MIT","https://github.com/jridgewell/gen-mapping"
"@jridgewell/gen-mapping@0.3.2","MIT","https://github.com/jridgewell/gen-mapping"
"@jridgewell/resolve-uri@3.1.0","MIT","https://github.com/jridgewell/resolve-uri"
"@jridgewell/set-array@1.1.2","MIT","https://github.com/jridgewell/set-array"
"@jridgewell/source-map@0.3.2","MIT","https://github.com/jridgewell/source-map"
"@jridgewell/sourcemap-codec@1.4.14","MIT","https://github.com/jridgewell/sourcemap-codec"
"@jridgewell/trace-mapping@0.3.17","MIT","https://github.com/jridgewell/trace-mapping"
"@jridgewell/trace-mapping@0.3.9","MIT","https://github.com/jridgewell/trace-mapping"
"@lukeed/csprng@1.0.1","MIT","https://github.com/lukeed/csprng"
"@metamask/eth-sig-util@4.0.1","ISC","https://github.com/MetaMask/eth-sig-util"
"@metamask/safe-event-emitter@2.0.0","ISC",""
"@nestjs/cli@9.3.0","MIT","https://github.com/nestjs/nest-cli"
"@nestjs/common@9.3.12","MIT","https://github.com/nestjs/nest"
"@nestjs/config@2.3.1","MIT","https://github.com/nestjs/config"
"@nestjs/core@9.3.12","MIT","https://github.com/nestjs/nest"
"@nestjs/mapped-types@1.2.2","MIT","https://github.com/nestjs/mapped-types"
"@nestjs/microservices@9.4.0","MIT","https://github.com/nestjs/nest"
"@nestjs/platform-express@9.3.12","MIT","https://github.com/nestjs/nest"
"@nestjs/schematics@9.0.4","MIT","https://github.com/nestjs/schematics"
"@nestjs/swagger@6.3.0","MIT","https://github.com/nestjs/swagger"
"@nestjs/testing@9.3.12","MIT","https://github.com/nestjs/nest"
"@noble/hashes@1.1.2","MIT","https://github.com/paulmillr/noble-hashes"
"@noble/secp256k1@1.6.3","MIT","https://github.com/paulmillr/noble-secp256k1"
"@nodelib/fs.scandir@2.1.5","MIT","https://github.com/nodelib/nodelib/tree/master/packages/fs/fs.scandir"
"@nodelib/fs.stat@2.0.5","MIT","https://github.com/nodelib/nodelib/tree/master/packages/fs/fs.stat"
"@nodelib/fs.walk@1.2.8","MIT","https://github.com/nodelib/nodelib/tree/master/packages/fs/fs.walk"
"@nuxtjs/opencollective@0.3.2","MIT","https://github.com/nuxt-contrib/opencollective"
"@scure/base@1.1.1","MIT","https://github.com/paulmillr/scure-base"
"@scure/bip32@1.1.0","MIT","https://github.com/paulmillr/scure-bip32"
"@scure/bip39@1.1.0","MIT","https://github.com/paulmillr/scure-bip39"
"@sinclair/typebox@0.25.24","MIT","https://github.com/sinclairzx81/typebox"
"@sindresorhus/is@4.6.0","MIT","https://github.com/sindresorhus/is"
"@sinonjs/commons@2.0.0","BSD-3-Clause","https://github.com/sinonjs/commons"
"@sinonjs/fake-timers@10.0.2","BSD-3-Clause","https://github.com/sinonjs/fake-timers"
"@szmarczak/http-timer@4.0.6","MIT","https://github.com/szmarczak/http-timer"
"@szmarczak/http-timer@5.0.1","MIT","https://github.com/szmarczak/http-timer"
"@truffle/hdwallet-provider@2.1.9","MIT","https://github.com/trufflesuite/truffle"
"@truffle/hdwallet@0.1.2","MIT","https://github.com/trufflesuite/truffle"
"@tsconfig/node10@1.0.9","MIT","https://github.com/tsconfig/bases"
"@tsconfig/node12@1.0.11","MIT","https://github.com/tsconfig/bases"
"@tsconfig/node14@1.0.3","MIT","https://github.com/tsconfig/bases"
"@tsconfig/node16@1.0.3","MIT","https://github.com/tsconfig/bases"
"@types/amqplib@0.10.1","MIT","https://github.com/DefinitelyTyped/DefinitelyTyped"
"@types/babel__core@7.20.0","MIT","https://github.com/DefinitelyTyped/DefinitelyTyped"
"@types/babel__generator@7.6.4","MIT","https://github.com/DefinitelyTyped/DefinitelyTyped"
"@types/babel__template@7.4.1","MIT","https://github.com/DefinitelyTyped/DefinitelyTyped"
"@types/babel__traverse@7.18.3","MIT","https://github.com/DefinitelyTyped/DefinitelyTyped"
"@types/bn.js@4.11.6","MIT","https://github.com/DefinitelyTyped/DefinitelyTyped"
"@types/bn.js@5.1.1","MIT","https://github.com/DefinitelyTyped/DefinitelyTyped"
"@types/body-parser@1.19.2","MIT","https://github.com/DefinitelyTyped/DefinitelyTyped"
"@types/cacheable-request@6.0.3","MIT","https://github.com/DefinitelyTyped/DefinitelyTyped"
"@types/connect@3.4.35","MIT","https://github.com/DefinitelyTyped/DefinitelyTyped"
"@types/cookiejar@2.1.2","MIT","https://github.com/DefinitelyTyped/DefinitelyTyped"
"@types/eslint-scope@3.7.4","MIT","https://github.com/DefinitelyTyped/DefinitelyTyped"
"@types/eslint@8.37.0","MIT","https://github.com/DefinitelyTyped/DefinitelyTyped"
"@types/estree@0.0.51","MIT","https://github.com/DefinitelyTyped/DefinitelyTyped"
"@types/ethereum-protocol@1.0.2","MIT","https://github.com/DefinitelyTyped/DefinitelyTyped"
"@types/express-serve-static-core@4.17.33","MIT","https://github.com/DefinitelyTyped/DefinitelyTyped"
"@types/express@4.17.17","MIT","https://github.com/DefinitelyTyped/DefinitelyTyped"
"@types/graceful-fs@4.1.6","MIT","https://github.com/DefinitelyTyped/DefinitelyTyped"
"@types/http-cache-semantics@4.0.1","MIT","https://github.com/DefinitelyTyped/DefinitelyTyped"
"@types/istanbul-lib-coverage@2.0.4","MIT","https://github.com/DefinitelyTyped/DefinitelyTyped"
"@types/istanbul-lib-report@3.0.0","MIT","https://github.com/DefinitelyTyped/DefinitelyTyped"
"@types/istanbul-reports@3.0.1","MIT","https://github.com/DefinitelyTyped/DefinitelyTyped"
"@types/jest@29.2.4","MIT","https://github.com/DefinitelyTyped/DefinitelyTyped"
"@types/json-schema@7.0.11","MIT","https://github.com/DefinitelyTyped/DefinitelyTyped"
"@types/keyv@3.1.4","MIT","https://github.com/DefinitelyTyped/DefinitelyTyped"
"@types/mime@3.0.1","MIT","https://github.com/DefinitelyTyped/DefinitelyTyped"
"@types/node@12.20.55","MIT","https://github.com/DefinitelyTyped/DefinitelyTyped"
"@types/node@18.11.18","MIT","https://github.com/DefinitelyTyped/DefinitelyTyped"
"@types/parse-json@4.0.0","MIT","https://github.com/DefinitelyTyped/DefinitelyTyped"
"@types/pbkdf2@3.1.0","MIT","https://github.com/DefinitelyTyped/DefinitelyTyped"
"@types/prettier@2.7.2","MIT","https://github.com/DefinitelyTyped/DefinitelyTyped"
"@types/qs@6.9.7","MIT","https://github.com/DefinitelyTyped/DefinitelyTyped"
"@types/range-parser@1.2.4","MIT","https://github.com/DefinitelyTyped/DefinitelyTyped"
"@types/responselike@1.0.0","MIT","https://github.com/DefinitelyTyped/DefinitelyTyped"
"@types/secp256k1@4.0.3","MIT","https://github.com/DefinitelyTyped/DefinitelyTyped"
"@types/semver@7.3.13","MIT","https://github.com/DefinitelyTyped/DefinitelyTyped"
"@types/serve-static@1.15.1","MIT","https://github.com/DefinitelyTyped/DefinitelyTyped"
"@types/stack-utils@2.0.1","MIT","https://github.com/DefinitelyTyped/DefinitelyTyped"
"@types/superagent@4.1.16","MIT","https://github.com/DefinitelyTyped/DefinitelyTyped"
"@types/supertest@2.0.12","MIT","https://github.com/DefinitelyTyped/DefinitelyTyped"
"@types/underscore@1.11.4","MIT","https://github.com/DefinitelyTyped/DefinitelyTyped"
"@types/web3-provider-engine@14.0.1","MIT","https://github.com/DefinitelyTyped/DefinitelyTyped"
"@types/web3@1.0.20","MIT","https://github.com/DefinitelyTyped/DefinitelyTyped"
"@types/yargs-parser@21.0.0","MIT","https://github.com/DefinitelyTyped/DefinitelyTyped"
"@types/yargs@17.0.24","MIT","https://github.com/DefinitelyTyped/DefinitelyTyped"
"@typescript-eslint/eslint-plugin@5.57.0","MIT","https://github.com/typescript-eslint/typescript-eslint"
"@typescript-eslint/parser@5.57.0","BSD-2-Clause","https://github.com/typescript-eslint/typescript-eslint"
"@typescript-eslint/scope-manager@5.57.0","MIT","https://github.com/typescript-eslint/typescript-eslint"
"@typescript-eslint/type-utils@5.57.0","MIT","https://github.com/typescript-eslint/typescript-eslint"
"@typescript-eslint/types@5.57.0","MIT","https://github.com/typescript-eslint/typescript-eslint"
"@typescript-eslint/typescript-estree@5.57.0","BSD-2-Clause","https://github.com/typescript-eslint/typescript-eslint"
"@typescript-eslint/utils@5.57.0","MIT","https://github.com/typescript-eslint/typescript-eslint"
"@typescript-eslint/visitor-keys@5.57.0","MIT","https://github.com/typescript-eslint/typescript-eslint"
"@webassemblyjs/ast@1.11.1","MIT","https://github.com/xtuc/webassemblyjs"
"@webassemblyjs/floating-point-hex-parser@1.11.1","MIT","https://github.com/xtuc/webassemblyjs"
"@webassemblyjs/helper-api-error@1.11.1","MIT","https://github.com/xtuc/webassemblyjs"
"@webassemblyjs/helper-buffer@1.11.1","MIT","https://github.com/xtuc/webassemblyjs"
"@webassemblyjs/helper-numbers@1.11.1","MIT","https://github.com/xtuc/webassemblyjs"
"@webassemblyjs/helper-wasm-bytecode@1.11.1","MIT","https://github.com/xtuc/webassemblyjs"
"@webassemblyjs/helper-wasm-section@1.11.1","MIT","https://github.com/xtuc/webassemblyjs"
"@webassemblyjs/ieee754@1.11.1","MIT","https://github.com/xtuc/webassemblyjs"
"@webassemblyjs/leb128@1.11.1","Apache-2.0","https://github.com/xtuc/webassemblyjs"
"@webassemblyjs/utf8@1.11.1","MIT","https://github.com/xtuc/webassemblyjs"
"@webassemblyjs/wasm-edit@1.11.1","MIT","https://github.com/xtuc/webassemblyjs"
"@webassemblyjs/wasm-gen@1.11.1","MIT","https://github.com/xtuc/webassemblyjs"
"@webassemblyjs/wasm-opt@1.11.1","MIT","https://github.com/xtuc/webassemblyjs"
"@webassemblyjs/wasm-parser@1.11.1","MIT","https://github.com/xtuc/webassemblyjs"
"@webassemblyjs/wast-printer@1.11.1","MIT","https://github.com/xtuc/webassemblyjs"
"@xtuc/ieee754@1.2.0","BSD-3-Clause","https://github.com/feross/ieee754"
"@xtuc/long@4.2.2","Apache-2.0","https://github.com/dcodeIO/long.js"
"abbrev@1.1.1","ISC","https://github.com/isaacs/abbrev-js"
"abortcontroller-polyfill@1.7.5","MIT","https://github.com/mo/abortcontroller-polyfill"
"abstract-leveldown@2.6.3","MIT","https://github.com/level/abstract-leveldown"
"abstract-leveldown@2.7.2","MIT","https://github.com/level/abstract-leveldown"
"accepts@1.3.8","MIT","https://github.com/jshttp/accepts"
"acorn-import-assertions@1.8.0","MIT","https://github.com/xtuc/acorn-import-assertions"
"acorn-jsx@5.3.2","MIT","https://github.com/acornjs/acorn-jsx"
"acorn-walk@8.2.0","MIT","https://github.com/acornjs/acorn"
"acorn@8.8.2","MIT","https://github.com/acornjs/acorn"
"aes-js@3.0.0","MIT","https://github.com/ricmoo/aes-js"
"ajv-formats@2.1.1","MIT","https://github.com/ajv-validator/ajv-formats"
"ajv-keywords@3.5.2","MIT","https://github.com/epoberezkin/ajv-keywords"
"ajv@6.12.6","MIT","https://github.com/ajv-validator/ajv"
"ajv@8.11.0","MIT","https://github.com/ajv-validator/ajv"
"ajv@8.12.0","MIT","https://github.com/ajv-validator/ajv"
"amqp-connection-manager@4.1.12","MIT","https://github.com/jwalton/node-amqp-connection-manager"
"amqplib@0.10.3","MIT","https://github.com/amqp-node/amqplib"
"ansi-colors@4.1.3","MIT","https://github.com/doowb/ansi-colors"
"ansi-escapes@4.3.2","MIT","https://github.com/sindresorhus/ansi-escapes"
"ansi-regex@5.0.1","MIT","https://github.com/chalk/ansi-regex"
"ansi-styles@3.2.1","MIT","https://github.com/chalk/ansi-styles"
"ansi-styles@4.3.0","MIT","https://github.com/chalk/ansi-styles"
"ansi-styles@5.2.0","MIT","https://github.com/chalk/ansi-styles"
"anymatch@3.1.3","ISC","https://github.com/micromatch/anymatch"
"append-field@1.0.0","MIT","https://github.com/LinusU/node-append-field"
"arg@4.1.3","MIT","https://github.com/zeit/arg"
"argparse@1.0.10","MIT","https://github.com/nodeca/argparse"
"argparse@2.0.1","Python-2.0","https://github.com/nodeca/argparse"
"array-find-index@1.0.2","MIT","https://github.com/sindresorhus/array-find-index"
"array-flatten@1.1.1","MIT","https://github.com/blakeembrey/array-flatten"
"array-union@2.1.0","MIT","https://github.com/sindresorhus/array-union"
"asap@2.0.6","MIT","https://github.com/kriskowal/asap"
"asn1@0.2.6","MIT","https://github.com/joyent/node-asn1"
"assert-plus@1.0.0","MIT","https://github.com/mcavage/node-assert-plus"
"async-eventemitter@0.2.4","MIT",""
"async-limiter@1.0.1","MIT","https://github.com/strml/async-limiter"
"async-mutex@0.2.6","MIT","https://github.com/DirtyHairy/async-mutex"
"async@1.5.2","MIT","https://github.com/caolan/async"
"async@2.6.4","MIT","https://github.com/caolan/async"
"asynckit@0.4.0","MIT","https://github.com/alexindigo/asynckit"
"available-typed-arrays@1.0.5","MIT","https://github.com/inspect-js/available-typed-arrays"
"aws-sign2@0.7.0","Apache-2.0","https://github.com/mikeal/aws-sign"
"aws4@1.12.0","MIT","https://github.com/mhart/aws4"
"babel-jest@29.5.0","MIT","https://github.com/facebook/jest"
"babel-plugin-istanbul@6.1.1","BSD-3-Clause","https://github.com/istanbuljs/babel-plugin-istanbul"
"babel-plugin-jest-hoist@29.5.0","MIT","https://github.com/facebook/jest"
"babel-plugin-polyfill-corejs2@0.3.3","MIT","https://github.com/babel/babel-polyfills"
"babel-plugin-polyfill-corejs3@0.6.0","MIT","https://github.com/babel/babel-polyfills"
"babel-plugin-polyfill-regenerator@0.4.1","MIT","https://github.com/babel/babel-polyfills"
"babel-preset-current-node-syntax@1.0.1","MIT","https://github.com/nicolo-ribaudo/babel-preset-current-node-syntax"
"babel-preset-jest@29.5.0","MIT","https://github.com/facebook/jest"
"backoff@2.5.0","MIT","https://github.com/MathieuTurcotte/node-backoff"
"balanced-match@1.0.2","MIT","https://github.com/juliangruber/balanced-match"
"base-x@3.0.9","MIT","https://github.com/cryptocoinjs/base-x"
"base64-js@1.5.1","MIT","https://github.com/beatgammit/base64-js"
"bcrypt-pbkdf@1.0.2","BSD-3-Clause","https://github.com/joyent/node-bcrypt-pbkdf"
"bech32@1.1.4","MIT","https://github.com/bitcoinjs/bech32"
"bignumber.js@7.2.1","MIT","https://github.com/MikeMcl/bignumber.js"
"bignumber.js@9.1.1","MIT","https://github.com/MikeMcl/bignumber.js"
"binary-extensions@2.2.0","MIT","https://github.com/sindresorhus/binary-extensions"
"bl@4.1.0","MIT","https://github.com/rvagg/bl"
"blakejs@1.2.1","MIT","https://github.com/dcposch/blakejs"
"helm@1.0.0","UNLICENSED","git+https://gitlab.cc-asp.fraunhofer.de/silicon-economy/base/blockchainbroker/ethereum/projects/nft-folder/blockchain-connector"
"bluebird@3.7.2","MIT","https://github.com/petkaantonov/bluebird"
"bn.js@4.11.6","MIT","https://github.com/indutny/bn.js"
"bn.js@4.12.0","MIT","https://github.com/indutny/bn.js"
"bn.js@5.2.1","MIT","https://github.com/indutny/bn.js"
"body-parser@1.20.1","MIT","https://github.com/expressjs/body-parser"
"body-parser@1.20.2","MIT","https://github.com/expressjs/body-parser"
"brace-expansion@1.1.11","MIT","https://github.com/juliangruber/brace-expansion"
"brace-expansion@2.0.1","MIT","https://github.com/juliangruber/brace-expansion"
"braces@3.0.2","MIT","https://github.com/micromatch/braces"
"brorand@1.1.0","MIT","https://github.com/indutny/brorand"
"browserify-aes@1.2.0","MIT","https://github.com/crypto-browserify/browserify-aes"
"browserslist@4.21.5","MIT","https://github.com/browserslist/browserslist"
"bs-logger@0.2.6","MIT","https://github.com/huafu/bs-logger"
"bs58@4.0.1","MIT","https://github.com/cryptocoinjs/bs58"
"bs58check@2.1.2","MIT","https://github.com/bitcoinjs/bs58check"
"bser@2.1.1","Apache-2.0","https://github.com/facebook/watchman"
"btoa@1.2.1","(MIT OR Apache-2.0)","git://git.coolaj86.com/coolaj86/btoa.js"
"buffer-from@1.1.2","MIT","https://github.com/LinusU/buffer-from"
"buffer-more-ints@1.0.0","MIT","https://github.com/dpw/node-buffer-more-ints"
"buffer-to-arraybuffer@0.0.5","MIT","https://github.com/miguelmota/buffer-to-arraybuffer"
"buffer-xor@1.0.3","MIT","https://github.com/crypto-browserify/buffer-xor"
"buffer@5.7.1","MIT","https://github.com/feross/buffer"
"bufferutil@4.0.7","MIT","https://github.com/websockets/bufferutil"
"busboy@1.6.0","MIT","https://github.com/mscdex/busboy"
"bytes@3.1.2","MIT","https://github.com/visionmedia/bytes.js"
"cacheable-lookup@5.0.4","MIT","https://github.com/szmarczak/cacheable-lookup"
"cacheable-lookup@6.1.0","MIT","https://github.com/szmarczak/cacheable-lookup"
"cacheable-request@7.0.2","MIT","https://github.com/lukechilds/cacheable-request"
"call-bind@1.0.2","MIT","https://github.com/ljharb/call-bind"
"callsites@3.1.0","MIT","https://github.com/sindresorhus/callsites"
"camelcase@5.3.1","MIT","https://github.com/sindresorhus/camelcase"
"camelcase@6.3.0","MIT","https://github.com/sindresorhus/camelcase"
"caniuse-lite@1.0.30001473","CC-BY-4.0","https://github.com/browserslist/caniuse-lite"
"caseless@0.12.0","Apache-2.0","https://github.com/mikeal/caseless"
"chalk@2.4.2","MIT","https://github.com/chalk/chalk"
"chalk@4.1.2","MIT","https://github.com/chalk/chalk"
"char-regex@1.0.2","MIT","https://github.com/Richienb/char-regex"
"chardet@0.7.0","MIT","https://github.com/runk/node-chardet"
"checkpoint-store@1.1.0","ISC","https://github.com/kumavis/checkpoint-store"
"chokidar@3.5.3","MIT","https://github.com/paulmillr/chokidar"
"chownr@1.1.4","ISC","https://github.com/isaacs/chownr"
"chrome-trace-event@1.0.3","MIT","https://github.com/samccone/chrome-trace-event"
"ci-info@3.8.0","MIT","https://github.com/watson/ci-info"
"cids@0.7.5","MIT","https://github.com/multiformats/js-cid"
"cipher-base@1.0.4","MIT","https://github.com/crypto-browserify/cipher-base"
"cjs-module-lexer@1.2.2","MIT","https://github.com/guybedford/cjs-module-lexer"
"class-is@1.1.0","MIT","https://github.com/moxystudio/js-class-is"
"cli-cursor@3.1.0","MIT","https://github.com/sindresorhus/cli-cursor"
"cli-spinners@2.7.0","MIT","https://github.com/sindresorhus/cli-spinners"
"cli-table3@0.6.3","MIT","https://github.com/cli-table/cli-table3"
"cli-width@3.0.0","ISC","https://github.com/knownasilya/cli-width"
"cliui@8.0.1","ISC","https://github.com/yargs/cliui"
"clone-response@1.0.3","MIT","https://github.com/sindresorhus/clone-response"
"clone@1.0.4","MIT","https://github.com/pvorb/node-clone"
"clone@2.1.2","MIT","https://github.com/pvorb/node-clone"
"co@4.6.0","MIT","https://github.com/tj/co"
"collect-v8-coverage@1.0.1","MIT","https://github.com/SimenB/collect-v8-coverage"
"color-convert@1.9.3","MIT","https://github.com/Qix-/color-convert"
"color-convert@2.0.1","MIT","https://github.com/Qix-/color-convert"
"color-name@1.1.3","MIT","https://github.com/dfcreative/color-name"
"color-name@1.1.4","MIT","https://github.com/colorjs/color-name"
"combined-stream@1.0.8","MIT","https://github.com/felixge/node-combined-stream"
"commander@2.20.3","MIT","https://github.com/tj/commander.js"
"commander@4.1.1","MIT","https://github.com/tj/commander.js"
"component-emitter@1.3.0","MIT","https://github.com/component/emitter"
"concat-map@0.0.1","MIT","https://github.com/substack/node-concat-map"
"concat-stream@1.6.2","MIT","https://github.com/maxogden/concat-stream"
"consola@2.15.3","MIT","https://github.com/nuxt/consola"
"content-disposition@0.5.4","MIT","https://github.com/jshttp/content-disposition"
"content-hash@2.5.2","ISC","https://github.com/pldespaigne/content-hash"
"content-type@1.0.5","MIT","https://github.com/jshttp/content-type"
"convert-source-map@1.9.0","MIT","https://github.com/thlorenz/convert-source-map"
"convert-source-map@2.0.0","MIT","https://github.com/thlorenz/convert-source-map"
"cookie-signature@1.0.6","MIT","https://github.com/visionmedia/node-cookie-signature"
"cookie@0.5.0","MIT","https://github.com/jshttp/cookie"
"cookiejar@2.1.4","MIT","https://github.com/bmeck/node-cookiejar"
"core-js-compat@3.30.0","MIT","https://github.com/zloirock/core-js"
"core-util-is@1.0.2","MIT","https://github.com/isaacs/core-util-is"
"core-util-is@1.0.3","MIT","https://github.com/isaacs/core-util-is"
"cors@2.8.5","MIT","https://github.com/expressjs/cors"
"cosmiconfig@7.1.0","MIT","https://github.com/davidtheclark/cosmiconfig"
"crc-32@1.2.2","Apache-2.0","https://github.com/SheetJS/js-crc32"
"create-hash@1.2.0","MIT","https://github.com/crypto-browserify/createHash"
"create-hmac@1.1.7","MIT","https://github.com/crypto-browserify/createHmac"
"create-require@1.1.1","MIT","https://github.com/nuxt-contrib/create-require"
"cross-fetch@2.2.6","MIT","https://github.com/lquixada/cross-fetch"
"cross-fetch@3.1.5","MIT","https://github.com/lquixada/cross-fetch"
"cross-spawn@7.0.3","MIT","https://github.com/moxystudio/node-cross-spawn"
"d@1.0.1","ISC","https://github.com/medikoo/d"
"dashdash@1.14.1","MIT","https://github.com/trentm/node-dashdash"
"debug@2.6.9","MIT","https://github.com/visionmedia/debug"
"debug@3.2.7","MIT","https://github.com/visionmedia/debug"
"debug@4.3.4","MIT","https://github.com/debug-js/debug"
"debuglog@1.0.1","MIT","https://github.com/sam-github/node-debuglog"
"decode-uri-component@0.2.2","MIT","https://github.com/SamVerschueren/decode-uri-component"
"decompress-response@3.3.0","MIT","https://github.com/sindresorhus/decompress-response"
"decompress-response@6.0.0","MIT","https://github.com/sindresorhus/decompress-response"
"dedent@0.7.0","MIT","https://github.com/dmnd/dedent"
"deep-is@0.1.4","MIT","https://github.com/thlorenz/deep-is"
"deepmerge@4.3.1","MIT","https://github.com/TehShrike/deepmerge"
"defaults@1.0.4","MIT","https://github.com/sindresorhus/node-defaults"
"defer-to-connect@2.0.1","MIT","https://github.com/szmarczak/defer-to-connect"
"deferred-leveldown@1.2.2","MIT","https://github.com/Level/deferred-leveldown"
"delayed-stream@1.0.0","MIT","https://github.com/felixge/node-delayed-stream"
"depd@2.0.0","MIT","https://github.com/dougwilson/nodejs-depd"
"destroy@1.2.0","MIT","https://github.com/stream-utils/destroy"
"detect-newline@3.1.0","MIT","https://github.com/sindresorhus/detect-newline"
"dezalgo@1.0.4","ISC","https://github.com/npm/dezalgo"
"diff-sequences@29.4.3","MIT","https://github.com/facebook/jest"
"diff@4.0.2","BSD-3-Clause","https://github.com/kpdecker/jsdiff"
"dir-glob@3.0.1","MIT","https://github.com/kevva/dir-glob"
"doctrine@3.0.0","Apache-2.0","https://github.com/eslint/doctrine"
"dom-walk@0.1.2","MIT","https://github.com/Raynos/dom-walk"
"dotenv-expand@10.0.0","BSD-2-Clause","https://github.com/motdotla/dotenv-expand"
"dotenv@16.0.3","BSD-2-Clause","https://github.com/motdotla/dotenv"
"ecc-jsbn@0.1.2","MIT","https://github.com/quartzjer/ecc-jsbn"
"ee-first@1.1.1","MIT","https://github.com/jonathanong/ee-first"
"electron-to-chromium@1.4.345","ISC","https://github.com/kilian/electron-to-chromium"
"elliptic@6.5.4","MIT","https://github.com/indutny/elliptic"
"emittery@0.13.1","MIT","https://github.com/sindresorhus/emittery"
"emoji-regex@8.0.0","MIT","https://github.com/mathiasbynens/emoji-regex"
"encodeurl@1.0.2","MIT","https://github.com/pillarjs/encodeurl"
"end-of-stream@1.4.4","MIT","https://github.com/mafintosh/end-of-stream"
"enhanced-resolve@5.12.0","MIT","https://github.com/webpack/enhanced-resolve"
"errno@0.1.8","MIT","https://github.com/rvagg/node-errno"
"error-ex@1.3.2","MIT","https://github.com/qix-/node-error-ex"
"es-module-lexer@0.9.3","MIT","https://github.com/guybedford/es-module-lexer"
"es5-ext@0.10.62","ISC","https://github.com/medikoo/es5-ext"
"es6-iterator@2.0.3","MIT","https://github.com/medikoo/es6-iterator"
"es6-promise@4.2.8","MIT","https://github.com/stefanpenner/es6-promise"
"es6-symbol@3.1.3","ISC","https://github.com/medikoo/es6-symbol"
"escalade@3.1.1","MIT","https://github.com/lukeed/escalade"
"escape-html@1.0.3","MIT","https://github.com/component/escape-html"
"escape-string-regexp@1.0.5","MIT","https://github.com/sindresorhus/escape-string-regexp"
"escape-string-regexp@2.0.0","MIT","https://github.com/sindresorhus/escape-string-regexp"
"escape-string-regexp@4.0.0","MIT","https://github.com/sindresorhus/escape-string-regexp"
"eslint-config-prettier@8.8.0","MIT","https://github.com/prettier/eslint-config-prettier"
"eslint-plugin-license-header@0.6.0","MIT","https://github.com/nikku/eslint-plugin-license-header"
"eslint-plugin-prettier@4.2.1","MIT","https://github.com/prettier/eslint-plugin-prettier"
"eslint-scope@5.1.1","BSD-2-Clause","https://github.com/eslint/eslint-scope"
"eslint-scope@7.1.1","BSD-2-Clause","https://github.com/eslint/eslint-scope"
"eslint-visitor-keys@3.4.0","Apache-2.0","https://github.com/eslint/eslint-visitor-keys"
"eslint@8.37.0","MIT","https://github.com/eslint/eslint"
"espree@9.5.1","BSD-2-Clause","https://github.com/eslint/espree"
"esprima@4.0.1","BSD-2-Clause","https://github.com/jquery/esprima"
"esquery@1.5.0","BSD-3-Clause","https://github.com/estools/esquery"
"esrecurse@4.3.0","BSD-2-Clause","https://github.com/estools/esrecurse"
"estraverse@4.3.0","BSD-2-Clause","https://github.com/estools/estraverse"
"estraverse@5.3.0","BSD-2-Clause","https://github.com/estools/estraverse"
"esutils@2.0.3","BSD-2-Clause","https://github.com/estools/esutils"
"etag@1.8.1","MIT","https://github.com/jshttp/etag"
"eth-block-tracker@4.4.3","MIT","https://github.com/kumavis/eth-block-tracker"
"eth-ens-namehash@2.0.8","ISC","https://github.com/danfinlay/eth-ens-namehash"
"eth-json-rpc-filters@4.2.2","ISC","https://github.com/MetaMask/eth-json-rpc-filters"
"eth-json-rpc-infura@5.1.0","ISC","https://github.com/MetaMask/eth-json-rpc-infura"
"eth-json-rpc-middleware@6.0.0","ISC","https://github.com/kumavis/eth-json-rpc-middleware"
"eth-lib@0.1.29","MIT","https://github.com/maiavictor/eth-lib"
"eth-lib@0.2.8","MIT","https://github.com/maiavictor/eth-lib"
"eth-query@2.1.2","ISC","https://github.com/ethereumjs/eth-query"
"eth-rpc-errors@3.0.0","MIT","https://github.com/MetaMask/eth-rpc-errors"
"eth-rpc-errors@4.0.3","MIT","https://github.com/MetaMask/eth-rpc-errors"
"eth-sig-util@1.4.2","ISC","https://github.com/flyswatter/eth-sig-util"
"ethereum-bloom-filters@1.0.10","MIT","https://github.com/joshstevens19/ethereum-bloom-filters"
"ethereum-common@0.0.18","MIT","https://github.com/ethereumjs/common"
"ethereum-common@0.2.0","MIT","https://github.com/ethereumjs/common"
"ethereum-cryptography@0.1.3","MIT","https://github.com/ethereum/js-ethereum-cryptography"
"ethereum-cryptography@1.1.2","MIT","https://github.com/ethereum/js-ethereum-cryptography"
"ethereum-protocol@1.0.1","MIT",""
"ethereumjs-abi@0.6.8","MIT","https://github.com/axic/ethereumjs-abi"
"ethereumjs-account@2.0.5","MPL-2.0","https://github.com/ethereumjs/ethereumjs-account"
"ethereumjs-block@1.7.1","MPL-2.0","https://github.com/ethereumjs/ethereumjs-block"
"ethereumjs-block@2.2.2","MPL-2.0","https://github.com/ethereumjs/ethereumjs-block"
"ethereumjs-common@1.5.2","MIT","https://github.com/ethereumjs/ethereumjs-common"
"ethereumjs-tx@1.3.7","MPL-2.0","https://github.com/ethereumjs/ethereumjs-tx"
"ethereumjs-tx@2.1.2","MPL-2.0","https://github.com/ethereumjs/ethereumjs-tx"
"ethereumjs-util@5.2.1","MPL-2.0","https://github.com/ethereumjs/ethereumjs-util"
"ethereumjs-util@6.2.1","MPL-2.0","https://github.com/ethereumjs/ethereumjs-util"
"ethereumjs-util@7.1.5","MPL-2.0","https://github.com/ethereumjs/ethereumjs-monorepo"
"ethereumjs-vm@2.6.0","MPL-2.0","https://github.com/ethereumjs/ethereumjs-vm"
"ethers@5.7.2","MIT","https://github.com/ethers-io/ethers.js"
"ethjs-unit@0.1.6","MIT","https://github.com/ethjs/ethjs-unit"
"ethjs-util@0.1.6","MIT","https://github.com/ethjs/ethjs-util"
"eventemitter3@4.0.4","MIT","https://github.com/primus/eventemitter3"
"events@3.3.0","MIT","https://github.com/Gozala/events"
"evp_bytestokey@1.0.3","MIT","https://github.com/crypto-browserify/EVP_BytesToKey"
"execa@4.1.0","MIT","https://github.com/sindresorhus/execa"
"execa@5.1.1","MIT","https://github.com/sindresorhus/execa"
"exit@0.1.2","MIT","https://github.com/cowboy/node-exit"
"expect@29.5.0","MIT","https://github.com/facebook/jest"
"express@4.18.2","MIT","https://github.com/expressjs/express"
"ext@1.7.0","ISC","https://github.com/medikoo/es5-ext.git#ext"
"extend@3.0.2","MIT","https://github.com/justmoon/node-extend"
"external-editor@3.1.0","MIT","https://github.com/mrkmg/node-external-editor"
"extsprintf@1.3.0","MIT","https://github.com/davepacheco/node-extsprintf"
"fake-merkle-patricia-tree@1.0.1","ISC","https://github.com/kumavis/fake-merkle-patricia-tree"
"fast-deep-equal@3.1.3","MIT","https://github.com/epoberezkin/fast-deep-equal"
"fast-diff@1.2.0","Apache-2.0","https://github.com/jhchen/fast-diff"
"fast-glob@3.2.12","MIT","https://github.com/mrmlnc/fast-glob"
"fast-json-stable-stringify@2.1.0","MIT","https://github.com/epoberezkin/fast-json-stable-stringify"
"fast-levenshtein@2.0.6","MIT","https://github.com/hiddentao/fast-levenshtein"
"fast-safe-stringify@2.1.1","MIT","https://github.com/davidmarkclements/fast-safe-stringify"
"fastq@1.15.0","ISC","https://github.com/mcollina/fastq"
"fb-watchman@2.0.2","Apache-2.0","https://github.com/facebook/watchman"
"figures@3.2.0","MIT","https://github.com/sindresorhus/figures"
"file-entry-cache@6.0.1","MIT","https://github.com/royriojas/file-entry-cache"
"fill-range@7.0.1","MIT","https://github.com/jonschlinkert/fill-range"
"finalhandler@1.2.0","MIT","https://github.com/pillarjs/finalhandler"
"find-up@4.1.0","MIT","https://github.com/sindresorhus/find-up"
"find-up@5.0.0","MIT","https://github.com/sindresorhus/find-up"
"flat-cache@3.0.4","MIT","https://github.com/royriojas/flat-cache"
"flatted@3.2.7","ISC","https://github.com/WebReflection/flatted"
"for-each@0.3.3","MIT","https://github.com/Raynos/for-each"
"forever-agent@0.6.1","Apache-2.0","https://github.com/mikeal/forever-agent"
"fork-ts-checker-webpack-plugin@8.0.0","MIT","https://github.com/TypeStrong/fork-ts-checker-webpack-plugin"
"form-data-encoder@1.7.1","MIT","https://github.com/octet-stream/form-data-encoder"
"form-data@2.3.3","MIT","https://github.com/form-data/form-data"
"form-data@4.0.0","MIT","https://github.com/form-data/form-data"
"formidable@2.1.2","MIT","https://github.com/node-formidable/formidable"
"forwarded@0.2.0","MIT","https://github.com/jshttp/forwarded"
"fresh@0.5.2","MIT","https://github.com/jshttp/fresh"
"fs-extra@10.1.0","MIT","https://github.com/jprichardson/node-fs-extra"
"fs-extra@11.1.0","MIT","https://github.com/jprichardson/node-fs-extra"
"fs-extra@4.0.3","MIT","https://github.com/jprichardson/node-fs-extra"
"fs-minipass@1.2.7","ISC","https://github.com/npm/fs-minipass"
"fs-monkey@1.0.3","Unlicense","https://github.com/streamich/fs-monkey"
"fs.realpath@1.0.0","ISC","https://github.com/isaacs/fs.realpath"
"function-bind@1.1.1","MIT","https://github.com/Raynos/function-bind"
"functional-red-black-tree@1.0.1","MIT","https://github.com/mikolalysenko/functional-red-black-tree"
"gensync@1.0.0-beta.2","MIT","https://github.com/loganfsmyth/gensync"
"get-caller-file@2.0.5","ISC","https://github.com/stefanpenner/get-caller-file"
"get-intrinsic@1.2.0","MIT","https://github.com/ljharb/get-intrinsic"
"get-package-type@0.1.0","MIT","https://github.com/cfware/get-package-type"
"get-stream@5.2.0","MIT","https://github.com/sindresorhus/get-stream"
"get-stream@6.0.1","MIT","https://github.com/sindresorhus/get-stream"
"getpass@0.1.7","MIT","https://github.com/arekinath/node-getpass"
"glob-parent@5.1.2","ISC","https://github.com/gulpjs/glob-parent"
"glob-parent@6.0.2","ISC","https://github.com/gulpjs/glob-parent"
"glob-to-regexp@0.4.1","BSD-2-Clause","https://github.com/fitzgen/glob-to-regexp"
"glob@7.2.3","ISC","https://github.com/isaacs/node-glob"
"glob@9.3.2","ISC","https://github.com/isaacs/node-glob"
"global@4.4.0","MIT","https://github.com/Raynos/global"
"globals@11.12.0","MIT","https://github.com/sindresorhus/globals"
"globals@13.20.0","MIT","https://github.com/sindresorhus/globals"
"globby@11.1.0","MIT","https://github.com/sindresorhus/globby"
"gopd@1.0.1","MIT","https://github.com/ljharb/gopd"
"got@11.8.6","MIT","https://github.com/sindresorhus/got"
"got@12.1.0","MIT","https://github.com/sindresorhus/got"
"graceful-fs@4.2.11","ISC","https://github.com/isaacs/node-graceful-fs"
"grapheme-splitter@1.0.4","MIT","https://github.com/orling/grapheme-splitter"
"har-schema@2.0.0","ISC","https://github.com/ahmadnassri/har-schema"
"har-validator@5.1.5","MIT","https://github.com/ahmadnassri/node-har-validator"
"has-flag@3.0.0","MIT","https://github.com/sindresorhus/has-flag"
"has-flag@4.0.0","MIT","https://github.com/sindresorhus/has-flag"
"has-symbols@1.0.3","MIT","https://github.com/inspect-js/has-symbols"
"has-tostringtag@1.0.0","MIT","https://github.com/inspect-js/has-tostringtag"
"has@1.0.3","MIT","https://github.com/tarruda/has"
"hash-base@3.1.0","MIT","https://github.com/crypto-browserify/hash-base"
"hash.js@1.1.7","MIT","https://github.com/indutny/hash.js"
"hexoid@1.0.0","MIT","https://github.com/lukeed/hexoid"
"hmac-drbg@1.0.1","MIT","https://github.com/indutny/hmac-drbg"
"hosted-git-info@2.8.9","ISC","https://github.com/npm/hosted-git-info"
"html-escaper@2.0.2","MIT","https://github.com/WebReflection/html-escaper"
"http-cache-semantics@4.1.1","BSD-2-Clause","https://github.com/kornelski/http-cache-semantics"
"http-errors@2.0.0","MIT","https://github.com/jshttp/http-errors"
"http-https@1.0.0","ISC","https://github.com/isaacs/http-https"
"http-signature@1.2.0","MIT","https://github.com/joyent/node-http-signature"
"http2-wrapper@1.0.3","MIT","https://github.com/szmarczak/http2-wrapper"
"http2-wrapper@2.2.0","MIT","https://github.com/szmarczak/http2-wrapper"
"human-signals@1.1.1","Apache-2.0","https://github.com/ehmicky/human-signals"
"human-signals@2.1.0","Apache-2.0","https://github.com/ehmicky/human-signals"
"husky@8.0.3","MIT","https://github.com/typicode/husky"
"iconv-lite@0.4.24","MIT","https://github.com/ashtuchkin/iconv-lite"
"idna-uts46-hx@2.3.1","MIT","https://github.com/hexonet/idna-uts46"
"ieee754@1.2.1","BSD-3-Clause","https://github.com/feross/ieee754"
"ignore@5.2.4","MIT","https://github.com/kaelzhang/node-ignore"
"immediate@3.3.0","MIT","https://github.com/calvinmetcalf/immediate"
"import-fresh@3.3.0","MIT","https://github.com/sindresorhus/import-fresh"
"import-local@3.1.0","MIT","https://github.com/sindresorhus/import-local"
"imurmurhash@0.1.4","MIT","https://github.com/jensyt/imurmurhash-js"
"inflight@1.0.6","ISC","https://github.com/npm/inflight"
"inherits@2.0.4","ISC","https://github.com/isaacs/inherits"
"inquirer@8.2.4","MIT","https://github.com/SBoudrias/Inquirer.js"
"inquirer@8.2.5","MIT","https://github.com/SBoudrias/Inquirer.js"
"interpret@1.4.0","MIT","https://github.com/gulpjs/interpret"
"ipaddr.js@1.9.1","MIT","https://github.com/whitequark/ipaddr.js"
"is-arguments@1.1.1","MIT","https://github.com/inspect-js/is-arguments"
"is-arrayish@0.2.1","MIT","https://github.com/qix-/node-is-arrayish"
"is-binary-path@2.1.0","MIT","https://github.com/sindresorhus/is-binary-path"
"is-callable@1.2.7","MIT","https://github.com/inspect-js/is-callable"
"is-core-module@2.11.0","MIT","https://github.com/inspect-js/is-core-module"
"is-extglob@2.1.1","MIT","https://github.com/jonschlinkert/is-extglob"
"is-fn@1.0.0","MIT","https://github.com/sindresorhus/is-fn"
"is-fullwidth-code-point@3.0.0","MIT","https://github.com/sindresorhus/is-fullwidth-code-point"
"is-function@1.0.2","MIT","https://github.com/grncdr/js-is-function"
"is-generator-fn@2.1.0","MIT","https://github.com/sindresorhus/is-generator-fn"
"is-generator-function@1.0.10","MIT","https://github.com/inspect-js/is-generator-function"
"is-glob@4.0.3","MIT","https://github.com/micromatch/is-glob"
"is-hex-prefixed@1.0.0","MIT","https://github.com/SilentCicero/is-hex-prefixed"
"is-interactive@1.0.0","MIT","https://github.com/sindresorhus/is-interactive"
"is-number@7.0.0","MIT","https://github.com/jonschlinkert/is-number"
"is-path-inside@3.0.3","MIT","https://github.com/sindresorhus/is-path-inside"
"is-stream@2.0.1","MIT","https://github.com/sindresorhus/is-stream"
"is-typed-array@1.1.10","MIT","https://github.com/inspect-js/is-typed-array"
"is-typedarray@1.0.0","MIT","https://github.com/hughsk/is-typedarray"
"is-unicode-supported@0.1.0","MIT","https://github.com/sindresorhus/is-unicode-supported"
"isarray@0.0.1","MIT","https://github.com/juliangruber/isarray"
"isarray@1.0.0","MIT","https://github.com/juliangruber/isarray"
"isexe@2.0.0","ISC","https://github.com/isaacs/isexe"
"isstream@0.1.2","MIT","https://github.com/rvagg/isstream"
"istanbul-lib-coverage@3.2.0","BSD-3-Clause","https://github.com/istanbuljs/istanbuljs"
"istanbul-lib-instrument@5.2.1","BSD-3-Clause","https://github.com/istanbuljs/istanbuljs"
"istanbul-lib-report@3.0.0","BSD-3-Clause","https://github.com/istanbuljs/istanbuljs"
"istanbul-lib-source-maps@4.0.1","BSD-3-Clause","https://github.com/istanbuljs/istanbuljs"
"istanbul-reports@3.1.5","BSD-3-Clause","https://github.com/istanbuljs/istanbuljs"
"iterare@1.2.1","ISC","https://github.com/felixfbecker/iterare"
"jest-changed-files@29.5.0","MIT","https://github.com/facebook/jest"
"jest-circus@29.5.0","MIT","https://github.com/facebook/jest"
"jest-cli@29.5.0","MIT","https://github.com/facebook/jest"
"jest-config@29.5.0","MIT","https://github.com/facebook/jest"
"jest-diff@29.5.0","MIT","https://github.com/facebook/jest"
"jest-docblock@29.4.3","MIT","https://github.com/facebook/jest"
"jest-each@29.5.0","MIT","https://github.com/facebook/jest"
"jest-environment-node@29.5.0","MIT","https://github.com/facebook/jest"
"jest-get-type@29.4.3","MIT","https://github.com/facebook/jest"
"jest-haste-map@29.5.0","MIT","https://github.com/facebook/jest"
"jest-leak-detector@29.5.0","MIT","https://github.com/facebook/jest"
"jest-matcher-utils@29.5.0","MIT","https://github.com/facebook/jest"
"jest-message-util@29.5.0","MIT","https://github.com/facebook/jest"
"jest-mock@29.5.0","MIT","https://github.com/facebook/jest"
"jest-pnp-resolver@1.2.3","MIT","https://github.com/arcanis/jest-pnp-resolver"
"jest-regex-util@29.4.3","MIT","https://github.com/facebook/jest"
"jest-resolve-dependencies@29.5.0","MIT","https://github.com/facebook/jest"
"jest-resolve@29.5.0","MIT","https://github.com/facebook/jest"
"jest-runner@29.5.0","MIT","https://github.com/facebook/jest"
"jest-runtime@29.5.0","MIT","https://github.com/facebook/jest"
"jest-snapshot@29.5.0","MIT","https://github.com/facebook/jest"
"jest-util@29.5.0","MIT","https://github.com/facebook/jest"
"jest-validate@29.5.0","MIT","https://github.com/facebook/jest"
"jest-watcher@29.5.0","MIT","https://github.com/facebook/jest"
"jest-worker@27.5.1","MIT","https://github.com/facebook/jest"
"jest-worker@29.5.0","MIT","https://github.com/facebook/jest"
"jest@29.3.1","MIT","https://github.com/facebook/jest"
"js-sdsl@4.4.0","MIT","https://github.com/js-sdsl/js-sdsl"
"js-sha3@0.5.7","MIT","https://github.com/emn178/js-sha3"
"js-sha3@0.8.0","MIT","https://github.com/emn178/js-sha3"
"js-tokens@4.0.0","MIT","https://github.com/lydell/js-tokens"
"js-yaml@3.14.1","MIT","https://github.com/nodeca/js-yaml"
"js-yaml@4.1.0","MIT","https://github.com/nodeca/js-yaml"
"jsbn@0.1.1","MIT","https://github.com/andyperlitch/jsbn"
"jsesc@2.5.2","MIT","https://github.com/mathiasbynens/jsesc"
"json-buffer@3.0.1","MIT","https://github.com/dominictarr/json-buffer"
"json-parse-even-better-errors@2.3.1","MIT","https://github.com/npm/json-parse-even-better-errors"
"json-rpc-engine@5.4.0","ISC","https://github.com/MetaMask/json-rpc-engine"
"json-rpc-engine@6.1.0","ISC","https://github.com/MetaMask/json-rpc-engine"
"json-rpc-random-id@1.0.1","ISC","https://github.com/kumavis/json-rpc-random-id"
"json-schema-traverse@0.4.1","MIT","https://github.com/epoberezkin/json-schema-traverse"
"json-schema-traverse@1.0.0","MIT","https://github.com/epoberezkin/json-schema-traverse"
"json-schema@0.4.0","(AFL-2.1 OR BSD-3-Clause)","https://github.com/kriszyp/json-schema"
"json-stable-stringify-without-jsonify@1.0.1","MIT","https://github.com/samn/json-stable-stringify"
"json-stable-stringify@1.0.2","MIT","https://github.com/ljharb/json-stable-stringify"
"json-stringify-safe@5.0.1","ISC","https://github.com/isaacs/json-stringify-safe"
"json5@2.2.3","MIT","https://github.com/json5/json5"
"jsonc-parser@3.2.0","MIT","https://github.com/microsoft/node-jsonc-parser"
"jsonfile@4.0.0","MIT","https://github.com/jprichardson/node-jsonfile"
"jsonfile@6.1.0","MIT","https://github.com/jprichardson/node-jsonfile"
"jsonify@0.0.1","Public Domain","https://github.com/ljharb/jsonify"
"jsprim@1.4.2","MIT","https://github.com/joyent/node-jsprim"
"keccak@3.0.2","MIT","https://github.com/cryptocoinjs/keccak"
"keccak@3.0.3","MIT","https://github.com/cryptocoinjs/keccak"
"keyv@4.5.2","MIT","https://github.com/jaredwray/keyv"
"kleur@3.0.3","MIT","https://github.com/lukeed/kleur"
"level-codec@7.0.1","MIT","https://github.com/Level/codec"
"level-errors@1.0.5","MIT","https://github.com/level/errors"
"level-iterator-stream@1.3.1","MIT","https://github.com/Level/iterator-stream"
"level-ws@0.0.0","MIT","https://github.com/Level/level-ws"
"levelup@1.3.9","MIT","https://github.com/level/levelup"
"leven@3.1.0","MIT","https://github.com/sindresorhus/leven"
"levn@0.4.1","MIT","https://github.com/gkz/levn"
"license-checker@25.0.1","BSD-3-Clause","https://github.com/davglass/license-checker"
"lines-and-columns@1.2.4","MIT","https://github.com/eventualbuddha/lines-and-columns"
"loader-runner@4.3.0","MIT","https://github.com/webpack/loader-runner"
"locate-path@5.0.0","MIT","https://github.com/sindresorhus/locate-path"
"locate-path@6.0.0","MIT","https://github.com/sindresorhus/locate-path"
"lodash.debounce@4.0.8","MIT","https://github.com/lodash/lodash"
"lodash.memoize@4.1.2","MIT","https://github.com/lodash/lodash"
"lodash.merge@4.6.2","MIT","https://github.com/lodash/lodash"
"lodash@4.17.21","MIT","https://github.com/lodash/lodash"
"log-symbols@4.1.0","MIT","https://github.com/sindresorhus/log-symbols"
"lowercase-keys@2.0.0","MIT","https://github.com/sindresorhus/lowercase-keys"
"lowercase-keys@3.0.0","MIT","https://github.com/sindresorhus/lowercase-keys"
"lru-cache@5.1.1","ISC","https://github.com/isaacs/node-lru-cache"
"lru-cache@6.0.0","ISC","https://github.com/isaacs/node-lru-cache"
"lru-cache@7.18.3","ISC","https://github.com/isaacs/node-lru-cache"
"ltgt@2.2.1","MIT","https://github.com/dominictarr/ltgt"
"macos-release@2.5.1","MIT","https://github.com/sindresorhus/macos-release"
"magic-string@0.26.7","MIT","https://github.com/rich-harris/magic-string"
"magic-string@0.29.0","MIT","https://github.com/rich-harris/magic-string"
"make-dir@3.1.0","MIT","https://github.com/sindresorhus/make-dir"
"make-error@1.3.6","ISC","https://github.com/JsCommunity/make-error"
"makeerror@1.0.12","BSD-3-Clause","https://github.com/daaku/nodejs-makeerror"
"md5.js@1.3.5","MIT","https://github.com/crypto-browserify/md5.js"
"media-typer@0.3.0","MIT","https://github.com/jshttp/media-typer"
"memdown@1.4.1","MIT","https://github.com/Level/memdown"
"memfs@3.4.13","Unlicense","https://github.com/streamich/memfs"
"merge-descriptors@1.0.1","MIT","https://github.com/component/merge-descriptors"
"merge-stream@2.0.0","MIT","https://github.com/grncdr/merge-stream"
"merge2@1.4.1","MIT","https://github.com/teambition/merge2"
"merkle-patricia-tree@2.3.2","MPL-2.0","https://github.com/ethereumjs/merkle-patricia-tree"
"methods@1.1.2","MIT","https://github.com/jshttp/methods"
"micromatch@4.0.5","MIT","https://github.com/micromatch/micromatch"
"mime-db@1.52.0","MIT","https://github.com/jshttp/mime-db"
"mime-types@2.1.35","MIT","https://github.com/jshttp/mime-types"
"mime@1.6.0","MIT","https://github.com/broofa/node-mime"
"mime@2.6.0","MIT","https://github.com/broofa/mime"
"mimic-fn@2.1.0","MIT","https://github.com/sindresorhus/mimic-fn"
"mimic-response@1.0.1","MIT","https://github.com/sindresorhus/mimic-response"
"mimic-response@3.1.0","MIT","https://github.com/sindresorhus/mimic-response"
"min-document@2.19.0","MIT","https://github.com/Raynos/min-document"
"minimalistic-assert@1.0.1","ISC","https://github.com/calvinmetcalf/minimalistic-assert"
"minimalistic-crypto-utils@1.0.1","MIT","https://github.com/indutny/minimalistic-crypto-utils"
"minimatch@3.1.2","ISC","https://github.com/isaacs/minimatch"
"minimatch@7.4.3","ISC","https://github.com/isaacs/minimatch"
"minimist@1.2.8","MIT","https://github.com/minimistjs/minimist"
"minipass@2.9.0","ISC","https://github.com/isaacs/minipass"
"minipass@4.2.5","ISC","https://github.com/isaacs/minipass"
"minizlib@1.3.3","MIT","https://github.com/isaacs/minizlib"
"mkdirp-promise@5.0.1","ISC","https://github.com/ahmadnassri/mkdirp-promise"
"mkdirp@0.5.6","MIT","https://github.com/substack/node-mkdirp"
"mock-fs@4.14.0","MIT","https://github.com/tschaub/mock-fs"
"ms@2.0.0","MIT","https://github.com/zeit/ms"
"ms@2.1.2","MIT","https://github.com/zeit/ms"
"ms@2.1.3","MIT","https://github.com/vercel/ms"
"multer@1.4.4-lts.1","MIT","https://github.com/expressjs/multer"
"multibase@0.6.1","MIT","https://github.com/multiformats/js-multibase"
"multibase@0.7.0","MIT","https://github.com/multiformats/js-multibase"
"multicodec@0.5.7","MIT","https://github.com/multiformats/js-multicodec"
"multicodec@1.0.4","MIT","https://github.com/multiformats/js-multicodec"
"multihashes@0.4.21","MIT","https://github.com/multiformats/js-multihash"
"mute-stream@0.0.8","ISC","https://github.com/isaacs/mute-stream"
"nano-json-stream-parser@0.1.2","MIT","https://github.com/maiavictor/nano-json-stream-parser"
"natural-compare-lite@1.4.0","MIT","https://github.com/litejs/natural-compare-lite"
"natural-compare@1.4.0","MIT","https://github.com/litejs/natural-compare-lite"
"negotiator@0.6.3","MIT","https://github.com/jshttp/negotiator"
"neo-async@2.6.2","MIT","https://github.com/suguru03/neo-async"
"next-tick@1.1.0","ISC","https://github.com/medikoo/next-tick"
"node-abort-controller@3.1.1","MIT","https://github.com/southpolesteve/node-abort-controller"
"node-addon-api@2.0.2","MIT","https://github.com/nodejs/node-addon-api"
"node-emoji@1.11.0","MIT","https://github.com/omnidan/node-emoji"
"node-fetch@2.6.7","MIT","https://github.com/bitinn/node-fetch"
"node-fetch@2.6.9","MIT","https://github.com/bitinn/node-fetch"
"node-gyp-build@4.6.0","MIT","https://github.com/prebuild/node-gyp-build"
"node-int64@0.4.0","MIT","https://github.com/broofa/node-int64"
"node-releases@2.0.10","MIT","https://github.com/chicoxyzzy/node-releases"
"nopt@4.0.3","ISC","https://github.com/npm/nopt"
"normalize-package-data@2.5.0","BSD-2-Clause","https://github.com/npm/normalize-package-data"
"normalize-path@3.0.0","MIT","https://github.com/jonschlinkert/normalize-path"
"normalize-url@6.1.0","MIT","https://github.com/sindresorhus/normalize-url"
"npm-normalize-package-bin@1.0.1","ISC","https://github.com/npm/npm-normalize-package-bin"
"npm-run-path@4.0.1","MIT","https://github.com/sindresorhus/npm-run-path"
"number-to-bn@1.7.0","MIT","https://github.com/SilentCicero/number-to-bn"
"oauth-sign@0.9.0","Apache-2.0","https://github.com/mikeal/oauth-sign"
"object-assign@4.1.1","MIT","https://github.com/sindresorhus/object-assign"
"object-inspect@1.12.3","MIT","https://github.com/inspect-js/object-inspect"
"object-keys@0.4.0","MIT","https://github.com/ljharb/object-keys"
"oboe@2.1.5","UNKNOWN","https://github.com/jimhigson/oboe.js"
"on-finished@2.4.1","MIT","https://github.com/jshttp/on-finished"
"once@1.4.0","ISC","https://github.com/isaacs/once"
"onetime@5.1.2","MIT","https://github.com/sindresorhus/onetime"
"optionator@0.9.1","MIT","https://github.com/gkz/optionator"
"ora@5.4.1","MIT","https://github.com/sindresorhus/ora"
"os-homedir@1.0.2","MIT","https://github.com/sindresorhus/os-homedir"
"os-name@4.0.1","MIT","https://github.com/sindresorhus/os-name"
"os-tmpdir@1.0.2","MIT","https://github.com/sindresorhus/os-tmpdir"
"osenv@0.1.5","ISC","https://github.com/npm/osenv"
"p-cancelable@2.1.1","MIT","https://github.com/sindresorhus/p-cancelable"
"p-cancelable@3.0.0","MIT","https://github.com/sindresorhus/p-cancelable"
"p-limit@2.3.0","MIT","https://github.com/sindresorhus/p-limit"
"p-limit@3.1.0","MIT","https://github.com/sindresorhus/p-limit"
"p-locate@4.1.0","MIT","https://github.com/sindresorhus/p-locate"
"p-locate@5.0.0","MIT","https://github.com/sindresorhus/p-locate"
"p-try@2.2.0","MIT","https://github.com/sindresorhus/p-try"
"parent-module@1.0.1","MIT","https://github.com/sindresorhus/parent-module"
"parse-headers@2.0.5","MIT","https://github.com/kesla/parse-headers"
"parse-json@5.2.0","MIT","https://github.com/sindresorhus/parse-json"
"parseurl@1.3.3","MIT","https://github.com/pillarjs/parseurl"
"path-exists@4.0.0","MIT","https://github.com/sindresorhus/path-exists"
"path-is-absolute@1.0.1","MIT","https://github.com/sindresorhus/path-is-absolute"
"path-key@3.1.1","MIT","https://github.com/sindresorhus/path-key"
"path-parse@1.0.7","MIT","https://github.com/jbgutierrez/path-parse"
"path-scurry@1.6.3","BlueOak-1.0.0","https://github.com/isaacs/path-walker"
"path-to-regexp@0.1.7","MIT","https://github.com/component/path-to-regexp"
"path-to-regexp@3.2.0","MIT","https://github.com/pillarjs/path-to-regexp"
"path-type@4.0.0","MIT","https://github.com/sindresorhus/path-type"
"pbkdf2@3.1.2","MIT","https://github.com/crypto-browserify/pbkdf2"
"performance-now@2.1.0","MIT","https://github.com/braveg1rl/performance-now"
"picocolors@1.0.0","ISC","https://github.com/alexeyraspopov/picocolors"
"picomatch@2.3.1","MIT","https://github.com/micromatch/picomatch"
"pify@3.0.0","MIT","https://github.com/sindresorhus/pify"
"pify@5.0.0","MIT","https://github.com/sindresorhus/pify"
"pirates@4.0.5","MIT","https://github.com/danez/pirates"
"pkg-dir@4.2.0","MIT","https://github.com/sindresorhus/pkg-dir"
"pluralize@8.0.0","MIT","https://github.com/blakeembrey/pluralize"
"precond@0.2.3","UNKNOWN","https://github.com/MathieuTurcotte/node-precond"
"prelude-ls@1.2.1","MIT","https://github.com/gkz/prelude-ls"
"prettier-linter-helpers@1.0.0","MIT","https://github.com/prettier/prettier-linter-helpers"
"prettier@2.8.7","MIT","https://github.com/prettier/prettier"
"pretty-format@29.5.0","MIT","https://github.com/facebook/jest"
"process-nextick-args@2.0.1","MIT","https://github.com/calvinmetcalf/process-nextick-args"
"process@0.11.10","MIT","https://github.com/shtylman/node-process"
"promise-breaker@6.0.0","MIT","https://github.com/jwalton/node-promise-breaker"
"promise-to-callback@1.0.0","MIT","https://github.com/stevemao/promise-to-callback"
"prompts@2.4.2","MIT","https://github.com/terkelg/prompts"
"proxy-addr@2.0.7","MIT","https://github.com/jshttp/proxy-addr"
"prr@1.0.1","MIT","https://github.com/rvagg/prr"
"psl@1.9.0","MIT","https://github.com/lupomontero/psl"
"pump@3.0.0","MIT","https://github.com/mafintosh/pump"
"punycode@2.1.0","MIT","https://github.com/bestiejs/punycode.js"
"punycode@2.3.0","MIT","https://github.com/mathiasbynens/punycode.js"
"pure-rand@6.0.1","MIT","https://github.com/dubzzz/pure-rand"
"qs@6.11.0","BSD-3-Clause","https://github.com/ljharb/qs"
"qs@6.5.3","BSD-3-Clause","https://github.com/ljharb/qs"
"query-string@5.1.1","MIT","https://github.com/sindresorhus/query-string"
"querystringify@2.2.0","MIT","https://github.com/unshiftio/querystringify"
"queue-microtask@1.2.3","MIT","https://github.com/feross/queue-microtask"
"quick-lru@5.1.1","MIT","https://github.com/sindresorhus/quick-lru"
"randombytes@2.1.0","MIT","https://github.com/crypto-browserify/randombytes"
"range-parser@1.2.1","MIT","https://github.com/jshttp/range-parser"
"raw-body@2.5.1","MIT","https://github.com/stream-utils/raw-body"
"raw-body@2.5.2","MIT","https://github.com/stream-utils/raw-body"
"react-is@18.2.0","MIT","https://github.com/facebook/react"
"read-installed@4.0.3","ISC","https://github.com/isaacs/read-installed"
"read-package-json@2.1.2","ISC","https://github.com/npm/read-package-json"
"readable-stream@1.0.34","MIT","https://github.com/isaacs/readable-stream"
"readable-stream@1.1.14","MIT","https://github.com/isaacs/readable-stream"
"readable-stream@2.3.8","MIT","https://github.com/nodejs/readable-stream"
"readable-stream@3.6.2","MIT","https://github.com/nodejs/readable-stream"
"readdir-scoped-modules@1.1.0","ISC","https://github.com/npm/readdir-scoped-modules"
"readdirp@3.6.0","MIT","https://github.com/paulmillr/readdirp"
"rechoir@0.6.2","MIT","https://github.com/tkellen/node-rechoir"
"reflect-metadata@0.1.13","Apache-2.0","https://github.com/rbuckton/reflect-metadata"
"regenerator-runtime@0.13.11","MIT","https://github.com/facebook/regenerator/tree/main/packages/runtime"
"request@2.88.2","Apache-2.0","https://github.com/request/request"
"require-directory@2.1.1","MIT","https://github.com/troygoode/node-require-directory"
"require-from-string@2.0.2","MIT","https://github.com/floatdrop/require-from-string"
"requireindex@1.2.0","MIT","https://github.com/stephenhandley/requireindex"
"requires-port@1.0.0","MIT","https://github.com/unshiftio/requires-port"
"resolve-alpn@1.2.1","MIT","https://github.com/szmarczak/resolve-alpn"
"resolve-cwd@3.0.0","MIT","https://github.com/sindresorhus/resolve-cwd"
"resolve-from@4.0.0","MIT","https://github.com/sindresorhus/resolve-from"
"resolve-from@5.0.0","MIT","https://github.com/sindresorhus/resolve-from"
"resolve.exports@2.0.2","MIT","https://github.com/lukeed/resolve.exports"
"resolve@1.22.1","MIT","https://github.com/browserify/resolve"
"responselike@2.0.1","MIT","https://github.com/sindresorhus/responselike"
"restore-cursor@3.1.0","MIT","https://github.com/sindresorhus/restore-cursor"
"reusify@1.0.4","MIT","https://github.com/mcollina/reusify"
"rimraf@3.0.2","ISC","https://github.com/isaacs/rimraf"
"rimraf@4.4.0","ISC","https://github.com/isaacs/rimraf"
"ripemd160@2.0.2","MIT","https://github.com/crypto-browserify/ripemd160"
"rlp@2.2.7","MPL-2.0","https://github.com/ethereumjs/rlp"
"run-async@2.4.1","MIT","https://github.com/SBoudrias/run-async"
"run-parallel@1.2.0","MIT","https://github.com/feross/run-parallel"
"rustbn.js@0.2.0","(MIT OR Apache-2.0)","https://github.com/ethereumjs/rustbn.js"
"rxjs@6.6.7","Apache-2.0","https://github.com/reactivex/rxjs"
"rxjs@7.8.0","Apache-2.0","https://github.com/reactivex/rxjs"
"safe-buffer@5.1.2","MIT","https://github.com/feross/safe-buffer"
"safe-buffer@5.2.1","MIT","https://github.com/feross/safe-buffer"
"safe-event-emitter@1.0.1","ISC",""
"safer-buffer@2.1.2","MIT","https://github.com/ChALkeR/safer-buffer"
"schema-utils@3.1.1","MIT","https://github.com/webpack/schema-utils"
"scrypt-js@3.0.1","MIT","https://github.com/ricmoo/scrypt-js"
"secp256k1@4.0.3","MIT","https://github.com/cryptocoinjs/secp256k1-node"
"semaphore@1.1.0","UNKNOWN","https://github.com/abrkn/semaphore.js"
"semver@5.4.1","ISC","https://github.com/npm/node-semver"
"semver@5.7.1","ISC","https://github.com/npm/node-semver"
"semver@6.3.0","ISC","https://github.com/npm/node-semver"
"semver@7.3.8","ISC","https://github.com/npm/node-semver"
"send@0.18.0","MIT","https://github.com/pillarjs/send"
"serialize-javascript@6.0.1","BSD-3-Clause","https://github.com/yahoo/serialize-javascript"
"serve-static@1.15.0","MIT","https://github.com/expressjs/serve-static"
"servify@0.1.12","MIT","https://github.com/maiavictor/servify"
"set-immediate-shim@1.0.1","MIT","https://github.com/sindresorhus/set-immediate-shim"
"setimmediate@1.0.5","MIT","https://github.com/YuzuJS/setImmediate"
"setprototypeof@1.2.0","ISC","https://github.com/wesleytodd/setprototypeof"
"sha.js@2.4.11","(MIT AND BSD-3-Clause)","https://github.com/crypto-browserify/sha.js"
"shebang-command@2.0.0","MIT","https://github.com/kevva/shebang-command"
"shebang-regex@3.0.0","MIT","https://github.com/sindresorhus/shebang-regex"
"shelljs@0.8.5","BSD-3-Clause","https://github.com/shelljs/shelljs"
"side-channel@1.0.4","MIT","https://github.com/ljharb/side-channel"
"signal-exit@3.0.7","ISC","https://github.com/tapjs/signal-exit"
"simple-concat@1.0.1","MIT","https://github.com/feross/simple-concat"
"simple-get@2.8.2","MIT","https://github.com/feross/simple-get"
"sisteransi@1.0.5","MIT","https://github.com/terkelg/sisteransi"
"slash@3.0.0","MIT","https://github.com/sindresorhus/slash"
"slide@1.1.6","ISC","https://github.com/isaacs/slide-flow-control"
"source-map-support@0.5.13","MIT","https://github.com/evanw/node-source-map-support"
"source-map-support@0.5.21","MIT","https://github.com/evanw/node-source-map-support"
"source-map@0.6.1","BSD-3-Clause","https://github.com/mozilla/source-map"
"source-map@0.7.4","BSD-3-Clause","https://github.com/mozilla/source-map"
"sourcemap-codec@1.4.8","MIT","https://github.com/Rich-Harris/sourcemap-codec"
"spdx-compare@1.0.0","MIT","https://github.com/kemitchell/spdx-compare.js"
"spdx-correct@3.2.0","Apache-2.0","https://github.com/jslicense/spdx-correct.js"
"spdx-exceptions@2.3.0","CC-BY-3.0","https://github.com/kemitchell/spdx-exceptions.json"
"spdx-expression-parse@3.0.1","MIT","https://github.com/jslicense/spdx-expression-parse.js"
"spdx-license-ids@3.0.13","CC0-1.0","https://github.com/jslicense/spdx-license-ids"
"spdx-ranges@2.1.1","(MIT AND CC-BY-3.0)","https://github.com/kemitchell/spdx-ranges.js"
"spdx-satisfies@4.0.1","MIT","https://github.com/kemitchell/spdx-satisfies.js"
"sprintf-js@1.0.3","BSD-3-Clause","https://github.com/alexei/sprintf.js"
"sshpk@1.17.0","MIT","https://github.com/joyent/node-sshpk"
"stack-utils@2.0.6","MIT","https://github.com/tapjs/stack-utils"
"statuses@2.0.1","MIT","https://github.com/jshttp/statuses"
"streamsearch@1.1.0","MIT","https://github.com/mscdex/streamsearch"
"strict-uri-encode@1.1.0","MIT","https://github.com/kevva/strict-uri-encode"
"string-length@4.0.2","MIT","https://github.com/sindresorhus/string-length"
"string-width@4.2.3","MIT","https://github.com/sindresorhus/string-width"
"string_decoder@0.10.31","MIT","https://github.com/rvagg/string_decoder"
"string_decoder@1.1.1","MIT","https://github.com/nodejs/string_decoder"
"strip-ansi@6.0.1","MIT","https://github.com/chalk/strip-ansi"
"strip-bom@3.0.0","MIT","https://github.com/sindresorhus/strip-bom"
"strip-bom@4.0.0","MIT","https://github.com/sindresorhus/strip-bom"
"strip-final-newline@2.0.0","MIT","https://github.com/sindresorhus/strip-final-newline"
"strip-hex-prefix@1.0.0","MIT","https://github.com/SilentCicero/strip-hex-prefix"
"strip-json-comments@3.1.1","MIT","https://github.com/sindresorhus/strip-json-comments"
"superagent@8.0.9","MIT","https://github.com/ladjs/superagent"
"supertest@6.3.3","MIT","https://github.com/visionmedia/supertest"
"supports-color@5.5.0","MIT","https://github.com/chalk/supports-color"
"supports-color@7.2.0","MIT","https://github.com/chalk/supports-color"
"supports-color@8.1.1","MIT","https://github.com/chalk/supports-color"
"supports-preserve-symlinks-flag@1.0.0","MIT","https://github.com/inspect-js/node-supports-preserve-symlinks-flag"
"swagger-ui-dist@4.18.2","Apache-2.0","https://github.com/swagger-api/swagger-ui"
"swarm-js@0.1.42","MIT","https://github.com/maiavictor/swarm-js"
"symbol-observable@4.0.0","MIT","https://github.com/blesh/symbol-observable"
"tapable@2.2.1","MIT","https://github.com/webpack/tapable"
"tar@4.4.19","ISC","https://github.com/npm/node-tar"
"terser-webpack-plugin@5.3.7","MIT","https://github.com/webpack-contrib/terser-webpack-plugin"
"terser@5.16.8","BSD-2-Clause","https://github.com/terser/terser"
"test-exclude@6.0.0","ISC","https://github.com/istanbuljs/test-exclude"
"text-table@0.2.0","MIT","https://github.com/substack/text-table"
"through@2.3.8","MIT","https://github.com/dominictarr/through"
"timed-out@4.0.1","MIT","https://github.com/floatdrop/timed-out"
"tmp@0.0.33","MIT","https://github.com/raszi/node-tmp"
"tmpl@1.0.5","BSD-3-Clause","https://github.com/daaku/nodejs-tmpl"
"to-fast-properties@2.0.0","MIT","https://github.com/sindresorhus/to-fast-properties"
"to-regex-range@5.0.1","MIT","https://github.com/micromatch/to-regex-range"
"toidentifier@1.0.1","MIT","https://github.com/component/toidentifier"
"tough-cookie@2.5.0","BSD-3-Clause","https://github.com/salesforce/tough-cookie"
"tr46@0.0.3","MIT","https://github.com/Sebmaster/tr46.js"
"tree-kill@1.2.2","MIT","https://github.com/pkrumins/node-tree-kill"
"treeify@1.1.0","MIT","https://github.com/notatestuser/treeify"
"ts-jest@29.0.3","MIT","https://github.com/kulshekhar/ts-jest"
"ts-loader@9.4.2","MIT","https://github.com/TypeStrong/ts-loader"
"ts-node@10.9.1","MIT","https://github.com/TypeStrong/ts-node"
"tsconfig-paths-webpack-plugin@4.0.1","MIT","https://github.com/dividab/tsconfig-paths-webpack-plugin"
"tsconfig-paths@4.1.1","MIT","https://github.com/dividab/tsconfig-paths"
"tsconfig-paths@4.1.2","MIT","https://github.com/dividab/tsconfig-paths"
"tsconfig-paths@4.2.0","MIT","https://github.com/dividab/tsconfig-paths"
"tslib@1.14.1","0BSD","https://github.com/Microsoft/tslib"
"tslib@2.5.0","0BSD","https://github.com/Microsoft/tslib"
"tsutils@3.21.0","MIT","https://github.com/ajafff/tsutils"
"tunnel-agent@0.6.0","Apache-2.0","https://github.com/mikeal/tunnel-agent"
"tweetnacl-util@0.15.1","Unlicense","https://github.com/dchest/tweetnacl-util-js"
"tweetnacl@0.14.5","Unlicense","https://github.com/dchest/tweetnacl-js"
"tweetnacl@1.0.3","Unlicense","https://github.com/dchest/tweetnacl-js"
"type-check@0.4.0","MIT","https://github.com/gkz/type-check"
"type-detect@4.0.8","MIT","https://github.com/chaijs/type-detect"
"type-fest@0.20.2","(MIT OR CC0-1.0)","https://github.com/sindresorhus/type-fest"
"type-fest@0.21.3","(MIT OR CC0-1.0)","https://github.com/sindresorhus/type-fest"
"type-is@1.6.18","MIT","https://github.com/jshttp/type-is"
"type@1.2.0","ISC","https://github.com/medikoo/type"
"type@2.7.2","ISC","https://github.com/medikoo/type"
"typedarray-to-buffer@3.1.5","MIT","https://github.com/feross/typedarray-to-buffer"
"typedarray@0.0.6","MIT","https://github.com/substack/typedarray"
"typescript@4.9.5","Apache-2.0","https://github.com/Microsoft/TypeScript"
"uid@2.0.1","MIT","https://github.com/lukeed/uid"
"ultron@1.1.1","MIT","https://github.com/unshiftio/ultron"
"universalify@0.1.2","MIT","https://github.com/RyanZim/universalify"
"universalify@2.0.0","MIT","https://github.com/RyanZim/universalify"
"unpipe@1.0.0","MIT","https://github.com/stream-utils/unpipe"
"update-browserslist-db@1.0.10","MIT","https://github.com/browserslist/update-db"
"uri-js@4.4.1","BSD-2-Clause","https://github.com/garycourt/uri-js"
"url-parse@1.5.10","MIT","https://github.com/unshiftio/url-parse"
"url-set-query@1.0.0","MIT","https://github.com/mattdesl/url-set-query"
"utf-8-validate@5.0.10","MIT","https://github.com/websockets/utf-8-validate"
"utf8@3.0.0","MIT","https://github.com/mathiasbynens/utf8.js"
"util-deprecate@1.0.2","MIT","https://github.com/TooTallNate/util-deprecate"
"util-extend@1.0.3","MIT","https://github.com/isaacs/util-extend"
"util@0.12.5","MIT","https://github.com/browserify/node-util"
"utils-merge@1.0.1","MIT","https://github.com/jaredhanson/utils-merge"
"uuid@3.4.0","MIT","https://github.com/uuidjs/uuid"
"uuid@9.0.0","MIT","https://github.com/uuidjs/uuid"
"v8-compile-cache-lib@3.0.1","MIT","https://github.com/cspotcode/v8-compile-cache-lib"
"v8-to-istanbul@9.1.0","ISC","https://github.com/istanbuljs/v8-to-istanbul"
"validate-npm-package-license@3.0.4","Apache-2.0","https://github.com/kemitchell/validate-npm-package-license.js"
"varint@5.0.2","MIT","https://github.com/chrisdickinson/varint"
"vary@1.1.2","MIT","https://github.com/jshttp/vary"
"verror@1.10.0","MIT","https://github.com/davepacheco/node-verror"
"walker@1.0.8","Apache-2.0","https://github.com/daaku/nodejs-walker"
"watchpack@2.4.0","MIT","https://github.com/webpack/watchpack"
"wcwidth@1.0.1","MIT","https://github.com/timoxley/wcwidth"
"web3-bzz@1.8.2","LGPL-3.0","https://github.com/ethereum/web3.js/tree/1.x/packages/web3-bzz"
"web3-bzz@1.9.0","LGPL-3.0","https://github.com/ethereum/web3.js/tree/1.x/packages/web3-bzz"
"web3-core-helpers@1.8.2","LGPL-3.0","https://github.com/ethereum/web3.js/tree/1.x/packages/web3-core-helpers"
"web3-core-helpers@1.9.0","LGPL-3.0","https://github.com/ethereum/web3.js/tree/1.x/packages/web3-core-helpers"
"web3-core-method@1.8.2","LGPL-3.0","https://github.com/ethereum/web3.js/tree/1.x/packages/web3-core-method"
"web3-core-method@1.9.0","LGPL-3.0","https://github.com/ethereum/web3.js/tree/1.x/packages/web3-core-method"
"web3-core-promievent@1.8.2","LGPL-3.0","https://github.com/ethereum/web3.js/tree/1.x/packages/web3-core-promievent"
"web3-core-promievent@1.9.0","LGPL-3.0","https://github.com/ethereum/web3.js/tree/1.x/packages/web3-core-promievent"
"web3-core-requestmanager@1.8.2","LGPL-3.0","https://github.com/ethereum/web3.js/tree/1.x/packages/web3-core-requestmanager"
"web3-core-requestmanager@1.9.0","LGPL-3.0","https://github.com/ethereum/web3.js/tree/1.x/packages/web3-core-requestmanager"
"web3-core-subscriptions@1.8.2","LGPL-3.0","https://github.com/ethereum/web3.js/tree/1.x/packages/web3-core-subscriptions"
"web3-core-subscriptions@1.9.0","LGPL-3.0","https://github.com/ethereum/web3.js/tree/1.x/packages/web3-core-subscriptions"
"web3-core@1.8.2","LGPL-3.0","https://github.com/ethereum/web3.js/tree/1.x/packages/web3-core"
"web3-core@1.9.0","LGPL-3.0","https://github.com/ethereum/web3.js/tree/1.x/packages/web3-core"
"web3-eth-abi@1.8.2","LGPL-3.0","https://github.com/ethereum/web3.js/tree/1.x/packages/web3-eth-abi"
"web3-eth-abi@1.9.0","LGPL-3.0","https://github.com/ethereum/web3.js/tree/1.x/packages/web3-eth-abi"
"web3-eth-accounts@1.8.2","LGPL-3.0","https://github.com/ethereum/web3.js/tree/1.x/packages/web3-eth-accounts"
"web3-eth-accounts@1.9.0","LGPL-3.0","https://github.com/ethereum/web3.js/tree/1.x/packages/web3-eth-accounts"
"web3-eth-contract@1.8.2","LGPL-3.0","https://github.com/ethereum/web3.js/tree/1.x/packages/web3-eth-contract"
"web3-eth-contract@1.9.0","LGPL-3.0","https://github.com/ethereum/web3.js/tree/1.x/packages/web3-eth-contract"
"web3-eth-ens@1.8.2","LGPL-3.0","https://github.com/ethereum/web3.js/tree/1.x/packages/web3-eth-ens"
"web3-eth-ens@1.9.0","LGPL-3.0","https://github.com/ethereum/web3.js/tree/1.x/packages/web3-eth-ens"
"web3-eth-iban@1.8.2","LGPL-3.0","https://github.com/ethereum/web3.js/tree/1.x/packages/web3-eth-iban"
"web3-eth-iban@1.9.0","LGPL-3.0","https://github.com/ethereum/web3.js/tree/1.x/packages/web3-eth-iban"
"web3-eth-personal@1.8.2","LGPL-3.0","https://github.com/ethereum/web3.js/tree/1.x/packages/web3-eth-personal"
"web3-eth-personal@1.9.0","LGPL-3.0","https://github.com/ethereum/web3.js/tree/1.x/packages/web3-eth-personal"
"web3-eth@1.8.2","LGPL-3.0","https://github.com/ethereum/web3.js/tree/1.x/packages/web3-eth"
"web3-eth@1.9.0","LGPL-3.0","https://github.com/ethereum/web3.js/tree/1.x/packages/web3-eth"
"web3-net@1.8.2","LGPL-3.0","https://github.com/ethereum/web3.js/tree/1.x/packages/web3-net"
"web3-net@1.9.0","LGPL-3.0","https://github.com/ethereum/web3.js/tree/1.x/packages/web3-net"
"web3-provider-engine@16.0.3","MIT","https://github.com/MetaMask/web3-provider-engine"
"web3-providers-http@1.8.2","LGPL-3.0","https://github.com/ethereum/web3.js/tree/1.x/packages/web3-providers-http"
"web3-providers-http@1.9.0","LGPL-3.0","https://github.com/ethereum/web3.js/tree/1.x/packages/web3-providers-http"
"web3-providers-ipc@1.8.2","LGPL-3.0","https://github.com/ethereum/web3.js/tree/1.x/packages/web3-providers-ipc"
"web3-providers-ipc@1.9.0","LGPL-3.0","https://github.com/ethereum/web3.js/tree/1.x/packages/web3-providers-ipc"
"web3-providers-ws@1.8.2","LGPL-3.0","https://github.com/ethereum/web3.js/tree/1.x/packages/web3-providers-ws"
"web3-providers-ws@1.9.0","LGPL-3.0","https://github.com/ethereum/web3.js/tree/1.x/packages/web3-providers-ws"
"web3-shh@1.8.2","LGPL-3.0","https://github.com/ethereum/web3.js/tree/1.x/packages/web3-shh"
"web3-shh@1.9.0","LGPL-3.0","https://github.com/ethereum/web3.js/tree/1.x/packages/web3-shh"
"web3-utils@1.8.2","LGPL-3.0","https://github.com/ethereum/web3.js/tree/1.x/packages/web3-utils"
"web3-utils@1.9.0","LGPL-3.0","https://github.com/ethereum/web3.js/tree/1.x/packages/web3-utils"
"web3@1.8.2","LGPL-3.0","https://github.com/ethereum/web3.js"
"web3@1.9.0","LGPL-3.0","https://github.com/ethereum/web3.js"
"webidl-conversions@3.0.1","BSD-2-Clause","https://github.com/jsdom/webidl-conversions"
"webpack-node-externals@3.0.0","MIT","https://github.com/liady/webpack-node-externals"
"webpack-sources@3.2.3","MIT","https://github.com/webpack/webpack-sources"
"webpack@5.76.2","MIT","https://github.com/webpack/webpack"
"webpack@5.77.0","MIT","https://github.com/webpack/webpack"
"websocket@1.0.34","Apache-2.0","https://github.com/theturtle32/WebSocket-Node"
"whatwg-fetch@2.0.4","MIT","https://github.com/github/fetch"
"whatwg-url@5.0.0","MIT","https://github.com/jsdom/whatwg-url"
"which-typed-array@1.1.9","MIT","https://github.com/inspect-js/which-typed-array"
"which@2.0.2","ISC","https://github.com/isaacs/node-which"
"windows-release@4.0.0","MIT","https://github.com/sindresorhus/windows-release"
"word-wrap@1.2.3","MIT","https://github.com/jonschlinkert/word-wrap"
"wrap-ansi@7.0.0","MIT","https://github.com/chalk/wrap-ansi"
"wrappy@1.0.2","ISC","https://github.com/npm/wrappy"
"write-file-atomic@4.0.2","ISC","https://github.com/npm/write-file-atomic"
"ws@3.3.3","MIT","https://github.com/websockets/ws"
"ws@5.2.3","MIT","https://github.com/websockets/ws"
"ws@7.4.6","MIT","https://github.com/websockets/ws"
"xhr-request-promise@0.1.3","MIT","https://github.com/maiavictor/xhr-request-promise"
"xhr-request@1.1.0","MIT","https://github.com/Jam3/xhr-request"
"xhr@2.6.0","MIT","https://github.com/naugtur/xhr"
"xtend@2.1.2","MIT","https://github.com/Raynos/xtend"
"xtend@4.0.2","MIT","https://github.com/Raynos/xtend"
"y18n@5.0.8","ISC","https://github.com/yargs/y18n"
"yaeti@0.0.6","MIT","https://github.com/ibc/yaeti"
"yallist@3.1.1","ISC","https://github.com/isaacs/yallist"
"yallist@4.0.0","ISC","https://github.com/isaacs/yallist"
"yaml@1.10.2","ISC","https://github.com/eemeli/yaml"
"yargs-parser@21.1.1","ISC","https://github.com/yargs/yargs-parser"
"yargs@17.7.1","MIT","https://github.com/yargs/yargs"
"yn@3.1.1","MIT","https://github.com/sindresorhus/yn"
"yocto-queue@0.1.0","MIT","https://github.com/sindresorhus/yocto-queue"
